{"best/epoch": 1, "best/precision": 0.9227683918662344, "best/recall": 0.8270292666377267, "best/mAP_0.5": 0.8903525886981918, "best/mAP_0.5:0.95": 0.6160189862107386, "Labels": {"_type": "images/separated", "width": 2000, "height": 2000, "format": "jpg", "count": 2, "filenames": ["media/images/Labels_0_44ba7c6e8b70b811240c.jpg", "media/images/Labels_0_675b54774fc50e841ef3.jpg"], "captions": ["labels_correlogram.jpg", "labels.jpg"]}, "Mosaics": [], "train/box_loss": 1.5016844272613525, "train/cls_loss": 0.7795634269714355, "train/dfl_loss": 1.4715580940246582, "metrics/precision": 0.9219113178313539, "metrics/recall": 0.8280020975353959, "metrics/mAP_0.5": 0.8909178044464691, "metrics/mAP_0.5:0.95": 0.6160455283562392, "val/box_loss": 0.0, "val/cls_loss": 0.0, "val/dfl_loss": 0.0, "x/lr0": 0.001503, "x/lr1": 0.001503, "x/lr2": 0.001503, "BoundingBoxDebugger": {"_type": "images/separated", "width": 672, "height": 672, "format": "png", "count": 16, "filenames": ["media/images/BoundingBoxDebugger_1_8a87976358c08954c30f.png", "media/images/BoundingBoxDebugger_1_db97aacdd687ab9b2107.png", "media/images/BoundingBoxDebugger_1_b3364e07a0789193a42a.png", "media/images/BoundingBoxDebugger_1_fd67010e2ceb607f7bbd.png", "media/images/BoundingBoxDebugger_1_0584e050a30978184e8e.png", "media/images/BoundingBoxDebugger_1_62cb65b7a15809b6baa7.png", "media/images/BoundingBoxDebugger_1_418e6603d162119f80f3.png", "media/images/BoundingBoxDebugger_1_0719d22907a9bc103508.png", "media/images/BoundingBoxDebugger_1_3e5a5909f0df6a322693.png", "media/images/BoundingBoxDebugger_1_0951ba6b9ed6efa4c775.png", "media/images/BoundingBoxDebugger_1_8b39279e2871affb288f.png", "media/images/BoundingBoxDebugger_1_889801eca1790f3ffdef.png", "media/images/BoundingBoxDebugger_1_76261c9b561ab6e0882a.png", "media/images/BoundingBoxDebugger_1_97ebf273021a6f6a857d.png", "media/images/BoundingBoxDebugger_1_2db385c6e80313a7be92.png", "media/images/BoundingBoxDebugger_1_560df1d7648b3b478dca.png"], "captions": ["1004_jpg.rf.ebb3801c698e555d26dd5f40fb473474.jpg", "IMG_3751_MOV-65_jpg.rf.c8706c499218366563e61e55e6fcc6d6.jpg", "IMG_3751_MOV-65_jpg.rf.e661bf96c07324cf85f699e5c6de3821.jpg", "IMG_3751_MOV-69_jpg.rf.62d823ce99f3612db53601d17d1aebf9.jpg", "IMG_3752_MOV-10_jpg.rf.60a8388bb1b537ea7ddc01aa3087e086.jpg", "IMG_3752_MOV-17_jpg.rf.c370005484a3833712c2424b354c331a.jpg", "IMG_3752_MOV-19_jpg.rf.92f8bb40c39ef6dbecdf10ea496c5cc8.jpg", "IMG_3752_MOV-1_jpg.rf.19c6528c8cc7e688a47e17845681a498.jpg", "IMG_3752_MOV-22_jpg.rf.2901b99ac2af4904238349da05655b54.jpg", "IMG_3752_MOV-24_jpg.rf.7991e8422206c1f0f4625983b6b2c43a.jpg", "IMG_3752_MOV-36_jpg.rf.7fba3a23de3ba0fdc890181b68643717.jpg", "IMG_3752_MOV-3_jpg.rf.3fd14adade9dd30bd137d640c9aec11b.jpg", "IMG_3753_MOV-10_jpg.rf.9b9a7b69cb86198e81e9a7ea1974067b.jpg", "IMG_3753_MOV-20_jpg.rf.c7f51055926d8508347ad28d0e44bb84.jpg", "IMG_3753_MOV-24_jpg.rf.69c47d5dd15ca62473b57692e60d640d.jpg", "IMG_3753_MOV-26_jpg.rf.17c95281e43c8e4bc265c1126227d139.jpg"], "all_boxes": [{"predictions": {"_type": "boxes2D", "sha256": "0092d889cd16242eb7d23671d0ff08ddd0df1eb44b7d7a2a3409855a50cd551e", "size": 787, "path": "media/metadata/boxes2D/BoundingBoxDebugger_1_0092d889cd16242eb7d2.boxes2D.json"}}, {"predictions": {"_type": "boxes2D", "sha256": "723699cb6e32fa05e6089dc51019a02a6d4a8a29cfa72c9fd045aa9b60d7f32a", "size": 10104, "path": "media/metadata/boxes2D/BoundingBoxDebugger_1_723699cb6e32fa05e608.boxes2D.json"}}, {"predictions": {"_type": "boxes2D", "sha256": "474405a2000d52a78e754b38c5986b52a63c6b5baa11b6d2a97887ab3074f00b", "size": 7569, "path": "media/metadata/boxes2D/BoundingBoxDebugger_1_474405a2000d52a78e75.boxes2D.json"}}, {"predictions": {"_type": "boxes2D", "sha256": "f4df18797dd0d2fbcc6bdd46f42968ef5ca5f751dba78cf3aa32e6e2692e5b2a", "size": 6106, "path": "media/metadata/boxes2D/BoundingBoxDebugger_1_f4df18797dd0d2fbcc6b.boxes2D.json"}}, {"predictions": {"_type": "boxes2D", "sha256": "4c34307ba447fefe5b823def694631e682ebd7072d3d785e00b4f50a5001901c", "size": 7780, "path": "media/metadata/boxes2D/BoundingBoxDebugger_1_4c34307ba447fefe5b82.boxes2D.json"}}, {"predictions": {"_type": "boxes2D", "sha256": "63ce975dafa51aec11ef3f26a084cd2e022c4220406aa92238b2175404539848", "size": 13337, "path": "media/metadata/boxes2D/BoundingBoxDebugger_1_63ce975dafa51aec11ef.boxes2D.json"}}, {"predictions": {"_type": "boxes2D", "sha256": "516decdad32aeb8c9ad51fceda9943d9ebc692d9ebe676e8dd1682a0b4510f74", "size": 11754, "path": "media/metadata/boxes2D/BoundingBoxDebugger_1_516decdad32aeb8c9ad5.boxes2D.json"}}, {"predictions": {"_type": "boxes2D", "sha256": "e0acafa7183bc1f9cb77b9294a4571d02f6b82ac63f5c3a92db09fe78a7d01d1", "size": 14989, "path": "media/metadata/boxes2D/BoundingBoxDebugger_1_e0acafa7183bc1f9cb77.boxes2D.json"}}, {"predictions": {"_type": "boxes2D", "sha256": "151379e78d47fcc34f6baad3472aabac19a9dc12131e34d5c3d0300f45639f17", "size": 8548, "path": "media/metadata/boxes2D/BoundingBoxDebugger_1_151379e78d47fcc34f6b.boxes2D.json"}}, {"predictions": {"_type": "boxes2D", "sha256": "fb7f1ccbfaec89cc28c17119e3490b42f0f89a799ce27d6455acdd75302870b6", "size": 13531, "path": "media/metadata/boxes2D/BoundingBoxDebugger_1_fb7f1ccbfaec89cc28c1.boxes2D.json"}}, {"predictions": {"_type": "boxes2D", "sha256": "4b332624c47ad3d2a0e20e58e2ae4ea9ab316d4ec4a8f60a256213b6d164cffc", "size": 12650, "path": "media/metadata/boxes2D/BoundingBoxDebugger_1_4b332624c47ad3d2a0e2.boxes2D.json"}}, {"predictions": {"_type": "boxes2D", "sha256": "652d4a080d53118ab4eb18b25ab26cba3c1d799add488a16ec78071fbb6f653d", "size": 11737, "path": "media/metadata/boxes2D/BoundingBoxDebugger_1_652d4a080d53118ab4eb.boxes2D.json"}}, {"predictions": {"_type": "boxes2D", "sha256": "d94482079c9a434246196a6e23448c05ad22c0e85b227eaed8daea1c41982dcc", "size": 10300, "path": "media/metadata/boxes2D/BoundingBoxDebugger_1_d94482079c9a43424619.boxes2D.json"}}, {"predictions": {"_type": "boxes2D", "sha256": "03a9a5c58858b4c0e5e4a594bb6ecc3765770c6b817d0881b7bb7fe44e8d5bf8", "size": 8895, "path": "media/metadata/boxes2D/BoundingBoxDebugger_1_03a9a5c58858b4c0e5e4.boxes2D.json"}}, {"predictions": {"_type": "boxes2D", "sha256": "4af61a0b76b9333e19a576237c7fe35fd631aeb6e1ba59439cf46d88529fe804", "size": 5713, "path": "media/metadata/boxes2D/BoundingBoxDebugger_1_4af61a0b76b9333e19a5.boxes2D.json"}}, {"predictions": {"_type": "boxes2D", "sha256": "d5bd6e2405f02abc3facb94fc66fab8a1e32bfadf5e6206d62252d6ecffb3bf1", "size": 5147, "path": "media/metadata/boxes2D/BoundingBoxDebugger_1_d5bd6e2405f02abc3fac.boxes2D.json"}}]}, "_timestamp": 1719104744.034012, "_runtime": 3870.4778401851654, "_step": 2, "Validation": [], "Results": {"_type": "images/separated", "width": 2400, "height": 1200, "format": "png", "count": 6, "filenames": ["media/images/Results_2_60b1f7b8ecf9ae7f4f17.png", "media/images/Results_2_ae9fd6631515063214ff.png", "media/images/Results_2_ff1f62e0e9a6c49cb7be.png", "media/images/Results_2_063c43e7b6edb7afd1eb.png", "media/images/Results_2_a3f07c74dab02f58b7a6.png", "media/images/Results_2_31085f8832dc9423f161.png"], "captions": ["results.png", "confusion_matrix.png", "F1_curve.png", "PR_curve.png", "P_curve.png", "R_curve.png"]}, "_wandb": {"runtime": 3880}}