{"best/epoch": 1, "best/precision": 0.9368508979610111, "best/recall": 0.8635263475326401, "best/mAP_0.5": 0.9204227233539494, "best/mAP_0.5:0.95": 0.6496083913970162, "Labels": {"_type": "images/separated", "width": 2000, "height": 2000, "format": "jpg", "count": 2, "filenames": ["media/images/Labels_0_44ba7c6e8b70b811240c.jpg", "media/images/Labels_0_675b54774fc50e841ef3.jpg"], "captions": ["labels_correlogram.jpg", "labels.jpg"]}, "Mosaics": [], "train/box_loss": 1.2197262048721313, "train/cls_loss": 0.5671727061271667, "train/dfl_loss": 1.32052481174469, "metrics/precision": 0.9360339227120457, "metrics/recall": 0.8632641556081514, "metrics/mAP_0.5": 0.9205142252437541, "metrics/mAP_0.5:0.95": 0.6497002305265276, "val/box_loss": 0.0, "val/cls_loss": 0.0, "val/dfl_loss": 0.0, "x/lr0": 0.00015002999999999997, "x/lr1": 0.00015002999999999997, "x/lr2": 0.00015002999999999997, "BoundingBoxDebugger": {"_type": "images/separated", "width": 672, "height": 672, "format": "png", "count": 16, "filenames": ["media/images/BoundingBoxDebugger_1_8a87976358c08954c30f.png", "media/images/BoundingBoxDebugger_1_db97aacdd687ab9b2107.png", "media/images/BoundingBoxDebugger_1_b3364e07a0789193a42a.png", "media/images/BoundingBoxDebugger_1_fd67010e2ceb607f7bbd.png", "media/images/BoundingBoxDebugger_1_0584e050a30978184e8e.png", "media/images/BoundingBoxDebugger_1_62cb65b7a15809b6baa7.png", "media/images/BoundingBoxDebugger_1_418e6603d162119f80f3.png", "media/images/BoundingBoxDebugger_1_0719d22907a9bc103508.png", "media/images/BoundingBoxDebugger_1_3e5a5909f0df6a322693.png", "media/images/BoundingBoxDebugger_1_0951ba6b9ed6efa4c775.png", "media/images/BoundingBoxDebugger_1_8b39279e2871affb288f.png", "media/images/BoundingBoxDebugger_1_889801eca1790f3ffdef.png", "media/images/BoundingBoxDebugger_1_76261c9b561ab6e0882a.png", "media/images/BoundingBoxDebugger_1_97ebf273021a6f6a857d.png", "media/images/BoundingBoxDebugger_1_2db385c6e80313a7be92.png", "media/images/BoundingBoxDebugger_1_560df1d7648b3b478dca.png"], "captions": ["1004_jpg.rf.ebb3801c698e555d26dd5f40fb473474.jpg", "IMG_3751_MOV-65_jpg.rf.c8706c499218366563e61e55e6fcc6d6.jpg", "IMG_3751_MOV-65_jpg.rf.e661bf96c07324cf85f699e5c6de3821.jpg", "IMG_3751_MOV-69_jpg.rf.62d823ce99f3612db53601d17d1aebf9.jpg", "IMG_3752_MOV-10_jpg.rf.60a8388bb1b537ea7ddc01aa3087e086.jpg", "IMG_3752_MOV-17_jpg.rf.c370005484a3833712c2424b354c331a.jpg", "IMG_3752_MOV-19_jpg.rf.92f8bb40c39ef6dbecdf10ea496c5cc8.jpg", "IMG_3752_MOV-1_jpg.rf.19c6528c8cc7e688a47e17845681a498.jpg", "IMG_3752_MOV-22_jpg.rf.2901b99ac2af4904238349da05655b54.jpg", "IMG_3752_MOV-24_jpg.rf.7991e8422206c1f0f4625983b6b2c43a.jpg", "IMG_3752_MOV-36_jpg.rf.7fba3a23de3ba0fdc890181b68643717.jpg", "IMG_3752_MOV-3_jpg.rf.3fd14adade9dd30bd137d640c9aec11b.jpg", "IMG_3753_MOV-10_jpg.rf.9b9a7b69cb86198e81e9a7ea1974067b.jpg", "IMG_3753_MOV-20_jpg.rf.c7f51055926d8508347ad28d0e44bb84.jpg", "IMG_3753_MOV-24_jpg.rf.69c47d5dd15ca62473b57692e60d640d.jpg", "IMG_3753_MOV-26_jpg.rf.17c95281e43c8e4bc265c1126227d139.jpg"], "all_boxes": [{"predictions": {"_type": "boxes2D", "sha256": "733ee81150e51a3984e3152eb65813dfdae07eb135cd20e029bf35d209c0af43", "size": 220, "path": "media/metadata/boxes2D/BoundingBoxDebugger_1_733ee81150e51a3984e3.boxes2D.json"}}, {"predictions": {"_type": "boxes2D", "sha256": "5fabd11171f4e75c97f95860e91990496e0e12eb079d2954fcd9715ada309e84", "size": 7238, "path": "media/metadata/boxes2D/BoundingBoxDebugger_1_5fabd11171f4e75c97f9.boxes2D.json"}}, {"predictions": {"_type": "boxes2D", "sha256": "8bd40b84813637387cc43514add3988fe232f6cbe853b2fcbf28daf5605f3fbb", "size": 7233, "path": "media/metadata/boxes2D/BoundingBoxDebugger_1_8bd40b84813637387cc4.boxes2D.json"}}, {"predictions": {"_type": "boxes2D", "sha256": "f58ad4fe517257419b3ff6a04c40d2853be5e4c9080a3a9e2c3c0acf501291ba", "size": 3832, "path": "media/metadata/boxes2D/BoundingBoxDebugger_1_f58ad4fe517257419b3f.boxes2D.json"}}, {"predictions": {"_type": "boxes2D", "sha256": "2862f3011f9b097138fcfa692d21d547c11fe1ff27c8ca34417d9a8dfc17a550", "size": 3069, "path": "media/metadata/boxes2D/BoundingBoxDebugger_1_2862f3011f9b097138fc.boxes2D.json"}}, {"predictions": {"_type": "boxes2D", "sha256": "336217743a312a2dfb26cbec3194cde5d33297f78890f4b2238650585121799c", "size": 8777, "path": "media/metadata/boxes2D/BoundingBoxDebugger_1_336217743a312a2dfb26.boxes2D.json"}}, {"predictions": {"_type": "boxes2D", "sha256": "6e3a35e4061744fb0c75f3c83b4aa47d547a177ca7eea4012fc13e235b2e0db5", "size": 10652, "path": "media/metadata/boxes2D/BoundingBoxDebugger_1_6e3a35e4061744fb0c75.boxes2D.json"}}, {"predictions": {"_type": "boxes2D", "sha256": "b83e4aeb15de7ace60f4f08d080e32cfad6d59b41b75da614435b13ffcc0bca9", "size": 12312, "path": "media/metadata/boxes2D/BoundingBoxDebugger_1_b83e4aeb15de7ace60f4.boxes2D.json"}}, {"predictions": {"_type": "boxes2D", "sha256": "44c9bb5f4855b7fea8cf80434f0c277b795b4a705729093d61d3c09f98dfe0a2", "size": 15186, "path": "media/metadata/boxes2D/BoundingBoxDebugger_1_44c9bb5f4855b7fea8cf.boxes2D.json"}}, {"predictions": {"_type": "boxes2D", "sha256": "3572721071582dba34a67d0cdd7765910b0f508b81b02a1a21928d7bb85e70e7", "size": 15000, "path": "media/metadata/boxes2D/BoundingBoxDebugger_1_3572721071582dba34a6.boxes2D.json"}}, {"predictions": {"_type": "boxes2D", "sha256": "a8f4ee2037927e80015b9d54baf8061e75d88644fb48446028d5c11d110950fd", "size": 6778, "path": "media/metadata/boxes2D/BoundingBoxDebugger_1_a8f4ee2037927e80015b.boxes2D.json"}}, {"predictions": {"_type": "boxes2D", "sha256": "8d928d36c420181e5e5e00b3e0c3ed64e426bdc9f46109f50c8228d971d4552e", "size": 7236, "path": "media/metadata/boxes2D/BoundingBoxDebugger_1_8d928d36c420181e5e5e.boxes2D.json"}}, {"predictions": {"_type": "boxes2D", "sha256": "f5a8494ef879818c69ea2ebb581238a7153d60d40610bbdaabe544c940a1acd8", "size": 9321, "path": "media/metadata/boxes2D/BoundingBoxDebugger_1_f5a8494ef879818c69ea.boxes2D.json"}}, {"predictions": {"_type": "boxes2D", "sha256": "7955ca2965de0f55d19de5675fea82e44d0847bbcab84db068e7e47ddfae51aa", "size": 4000, "path": "media/metadata/boxes2D/BoundingBoxDebugger_1_7955ca2965de0f55d19d.boxes2D.json"}}, {"predictions": {"_type": "boxes2D", "sha256": "59f32c42a0ebf05b239d2bf0dbc19bc29f5def2d6a37913c7d4d3b47e7f32ef2", "size": 1729, "path": "media/metadata/boxes2D/BoundingBoxDebugger_1_59f32c42a0ebf05b239d.boxes2D.json"}}, {"predictions": {"_type": "boxes2D", "sha256": "708d89d2a215b02bfcbb4b6ef87dc325ced077ca8fd4d801fe4a4428038251d6", "size": 1743, "path": "media/metadata/boxes2D/BoundingBoxDebugger_1_708d89d2a215b02bfcbb.boxes2D.json"}}]}, "_timestamp": 1719110408.5305037, "_runtime": 4572.195486783981, "_step": 2, "Validation": [], "Results": {"_type": "images/separated", "width": 2400, "height": 1200, "format": "png", "count": 6, "filenames": ["media/images/Results_2_71ec288b2e6cc73fa148.png", "media/images/Results_2_ccbcd8752b659adbba75.png", "media/images/Results_2_de9fd22702df1bbc398e.png", "media/images/Results_2_c444e2c82176c833a951.png", "media/images/Results_2_ef915bdb375732b60e78.png", "media/images/Results_2_383df2dc9db2e80e3684.png"], "captions": ["results.png", "confusion_matrix.png", "F1_curve.png", "PR_curve.png", "P_curve.png", "R_curve.png"]}, "_wandb": {"runtime": 4583}}