{"best/epoch": 0, "best/precision": 0.788376105871282, "best/recall": 0.7084967320261438, "best/mAP_0.5": 0.7773003904472244, "best/mAP_0.5:0.95": 0.3974823607625936, "Labels": {"_type": "images/separated", "width": 2000, "height": 2000, "format": "jpg", "count": 2, "filenames": ["media/images/Labels_0_0f9f61776dd60ac31ea9.jpg", "media/images/Labels_0_a61e61e8fadb51be129e.jpg"], "captions": ["labels_correlogram.jpg", "labels.jpg"]}, "Mosaics": [], "train/box_loss": 2.46964168548584, "train/cls_loss": 1.8794965744018555, "train/dfl_loss": 2.1870362758636475, "metrics/precision": 0.788376105871282, "metrics/recall": 0.7084967320261438, "metrics/mAP_0.5": 0.7773003904472244, "metrics/mAP_0.5:0.95": 0.3974823607625936, "val/box_loss": 0.0, "val/cls_loss": 0.0, "val/dfl_loss": 0.0, "x/lr0": 0.0030034431874077713, "x/lr1": 0.002998524348253812, "x/lr2": 0.002998524348253812, "BoundingBoxDebugger": {"_type": "images/separated", "width": 672, "height": 672, "format": "png", "count": 16, "filenames": ["media/images/BoundingBoxDebugger_0_d944d0d9c989733990a9.png", "media/images/BoundingBoxDebugger_0_1970c32c4368ed577eec.png", "media/images/BoundingBoxDebugger_0_af764d8c9c3d13003450.png", "media/images/BoundingBoxDebugger_0_d6bee7016fc30c978aed.png", "media/images/BoundingBoxDebugger_0_3d8ad4cdf8de3b3a8fcd.png", "media/images/BoundingBoxDebugger_0_6b05276d3374c8e2a27a.png", "media/images/BoundingBoxDebugger_0_4a28366e23367062e2e2.png", "media/images/BoundingBoxDebugger_0_b7d64ca25fc76f6966c7.png", "media/images/BoundingBoxDebugger_0_523b0bfb0fcac31f4ade.png", "media/images/BoundingBoxDebugger_0_d69b69502c6b2940a611.png", "media/images/BoundingBoxDebugger_0_e99e3307b18bd720dfe2.png", "media/images/BoundingBoxDebugger_0_7da411c250c1bfab0cff.png", "media/images/BoundingBoxDebugger_0_e8a0a3cac7e3d763ff61.png", "media/images/BoundingBoxDebugger_0_1a96d079bc3ebb3a835e.png", "media/images/BoundingBoxDebugger_0_50fc1daa3feea2846b7b.png", "media/images/BoundingBoxDebugger_0_30802f0007499b927363.png"], "captions": ["frame1001_png_jpg.rf.87caea7fa4e7c4fc9ae92de3ba07a334.jpg", "frame624_png_jpg.rf.2df98d84db69c3dc973e413701170b5b.jpg", "frame6256_png_jpg.rf.5c051053643cef2ba10f89b6bb046c60.jpg", "frame628_png_jpg.rf.4a085066536d8b98439f05858c31d172.jpg", "frame6296_png_jpg.rf.d78bcb0bb9df96482d46bc5a64613589.jpg", "frame6300_png_jpg.rf.887a5ad229c9eeb71147fbbe63377e4a.jpg", "frame630_png_jpg.rf.155696c93cbf3ecd65e8c0506006dd84.jpg", "frame6316_png_jpg.rf.571d96f002c59243d27fccd39c696713.jpg", "frame631_png_jpg.rf.0ae83b68cd038950fdea42a3b18f5006.jpg", "frame631_png_jpg.rf.6a2e3d54d45538364da643f2d9238107.jpg", "frame633_png_jpg.rf.6792bee21a65c8f3a580828d47b56ed2.jpg", "frame634_png_jpg.rf.a47e0ae62dc5be7aa8e4770045803359.jpg", "frame640_png_jpg.rf.dc8bfe998f6d27fb1d1937bd7138a4e5.jpg", "frame642_png_jpg.rf.6d21a17d9bc73d18c25658a598f18943.jpg", "frame6450_png_jpg.rf.69e9ee062f86879bfdea18d568e0ec88.jpg", "frame645_png_jpg.rf.b6520c8798fdadddc31b3c2ee0aa8556.jpg"], "all_boxes": [{"predictions": {"_type": "boxes2D", "sha256": "c7c9727ddc434d10d06f47a9c65ca093c7fc4b0494e1eeb4405943c03a11967a", "size": 6839, "path": "media/metadata/boxes2D/BoundingBoxDebugger_0_c7c9727ddc434d10d06f.boxes2D.json"}}, {"predictions": {"_type": "boxes2D", "sha256": "a7e9fa0cb44ed53c5abeafb80f71428256830f390ce8e7f8e065e51046c6aeb4", "size": 4192, "path": "media/metadata/boxes2D/BoundingBoxDebugger_0_a7e9fa0cb44ed53c5abe.boxes2D.json"}}, {"predictions": {"_type": "boxes2D", "sha256": "664bef3ce5c749b51d47d9e0409dc273539f1ba1e8addbb548edca9226336ccc", "size": 3995, "path": "media/metadata/boxes2D/BoundingBoxDebugger_0_664bef3ce5c749b51d47.boxes2D.json"}}, {"predictions": {"_type": "boxes2D", "sha256": "2bb40625f27c42c08fd0b0b5146ea21b8f7c79c17eebddcef50fe7e42b0b18d0", "size": 4558, "path": "media/metadata/boxes2D/BoundingBoxDebugger_0_2bb40625f27c42c08fd0.boxes2D.json"}}, {"predictions": {"_type": "boxes2D", "sha256": "a32faefa79b63d715e9ed59b1e8f230c9e4a573df2b0cd70b5527512acd0e8e9", "size": 6846, "path": "media/metadata/boxes2D/BoundingBoxDebugger_0_a32faefa79b63d715e9e.boxes2D.json"}}, {"predictions": {"_type": "boxes2D", "sha256": "edceb252fc83e3946f8c4fb5ddb4f0de3a3e22101010b5fb5f2a4ef32b0f477a", "size": 5674, "path": "media/metadata/boxes2D/BoundingBoxDebugger_0_edceb252fc83e3946f8c.boxes2D.json"}}, {"predictions": {"_type": "boxes2D", "sha256": "2d7f891d9cccf1501511048b9df037ef3511d192f7c81f46a42f15d891a5505d", "size": 3389, "path": "media/metadata/boxes2D/BoundingBoxDebugger_0_2d7f891d9cccf1501511.boxes2D.json"}}, {"predictions": {"_type": "boxes2D", "sha256": "5e7f4397e4f94b317b73c368f74a30bf02ea63225c412aad15485d738a991909", "size": 1920, "path": "media/metadata/boxes2D/BoundingBoxDebugger_0_5e7f4397e4f94b317b73.boxes2D.json"}}, {"predictions": {"_type": "boxes2D", "sha256": "71eaaa821a6b006ac9740ac3f7cc4a1c47948b167b2746cef9e718b928e14bf6", "size": 3988, "path": "media/metadata/boxes2D/BoundingBoxDebugger_0_71eaaa821a6b006ac974.boxes2D.json"}}, {"predictions": {"_type": "boxes2D", "sha256": "6bd67197f8cf86d4c573b76f4fb009c6c4ee5f4acd7e89167216b0d9c6bb1c1b", "size": 4941, "path": "media/metadata/boxes2D/BoundingBoxDebugger_0_6bd67197f8cf86d4c573.boxes2D.json"}}, {"predictions": {"_type": "boxes2D", "sha256": "56db8cc865afe443c1bb12202edae3786e650513b3a335dec5192a316b2a6fb5", "size": 3621, "path": "media/metadata/boxes2D/BoundingBoxDebugger_0_56db8cc865afe443c1bb.boxes2D.json"}}, {"predictions": {"_type": "boxes2D", "sha256": "cbc35f92e44ed8c0ccf21e194f4663a3bfe9bca0104cca71db1f6394e8a28a64", "size": 3454, "path": "media/metadata/boxes2D/BoundingBoxDebugger_0_cbc35f92e44ed8c0ccf2.boxes2D.json"}}, {"predictions": {"_type": "boxes2D", "sha256": "fe9fe42ad42dcb8cdc7f4d6cbaa2250126acc92918a9f0fc6fe05d9a429b3f08", "size": 3422, "path": "media/metadata/boxes2D/BoundingBoxDebugger_0_fe9fe42ad42dcb8cdc7f.boxes2D.json"}}, {"predictions": {"_type": "boxes2D", "sha256": "14f25c397d5406b3c0fbb417195fff73111b1435d03cff4e711f465d49f6af49", "size": 4374, "path": "media/metadata/boxes2D/BoundingBoxDebugger_0_14f25c397d5406b3c0fb.boxes2D.json"}}, {"predictions": {"_type": "boxes2D", "sha256": "d4dea0945d445e3c43b8e50c9ef9507f941b8ee4644cd9688b17031eec6e141f", "size": 3028, "path": "media/metadata/boxes2D/BoundingBoxDebugger_0_d4dea0945d445e3c43b8.boxes2D.json"}}, {"predictions": {"_type": "boxes2D", "sha256": "b24439da76b4280eb8d5be72a0345cce540400b6bdd444cf1b0fbcbd919f4d08", "size": 2298, "path": "media/metadata/boxes2D/BoundingBoxDebugger_0_b24439da76b4280eb8d5.boxes2D.json"}}]}, "_timestamp": 1719001074.2919114, "_runtime": 478.63069438934326, "_step": 0, "_wandb": {"runtime": 713}}