{"train/box_om": 1.21916, "train/cls_om": 0.77974, "train/dfl_om": 1.22794, "train/box_oo": 1.43587, "train/cls_oo": 0.98451, "train/dfl_oo": 1.22811, "_timestamp": 1719015433.9417703, "lr/pg0": 0.0006664585934248856, "lr/pg1": 0.0006664585934248856, "lr/pg2": 0.0006664585934248856, "metrics/precision(B)": 0.87638, "metrics/recall(B)": 0.72811, "metrics/mAP50(B)": 0.81972, "metrics/mAP50-95(B)": 0.51966, "val/box_om": 1.33547, "val/cls_om": 0.99653, "val/dfl_om": 1.17548, "val/box_oo": 1.44701, "val/cls_oo": 0.87963, "val/dfl_oo": 1.18526, "labels": {"_type": "image-file", "sha256": "0f7eb558cab7a690462b2b4e87a4e1476abc56584f1a332b094ef804e1862817", "size": 144487, "path": "media/images/labels_1_0f7eb558cab7a690462b.jpg", "format": "jpg", "width": 1600, "height": 1600}, "train_batch0": {"_type": "image-file", "sha256": "fd23303b6ce61da5d461d669444d406dfa7d7b62d44f8e2e3ab2e484fae46722", "size": 262390, "path": "media/images/train_batch0_1_fd23303b6ce61da5d461.jpg", "format": "jpg", "width": 1280, "height": 1280}, "train_batch1": {"_type": "image-file", "sha256": "958107adf5050d4da76f3b5a04cace2b50062c1c4e3db116d836d446876d1ae5", "size": 345753, "path": "media/images/train_batch1_1_958107adf5050d4da76f.jpg", "format": "jpg", "width": 1280, "height": 1280}, "train_batch2": {"_type": "image-file", "sha256": "4efa0ad3ee1bda2024397230389e9b1ce652060d98cf78a898a0e8d10129fc8a", "size": 213382, "path": "media/images/train_batch2_1_4efa0ad3ee1bda202439.jpg", "format": "jpg", "width": 1280, "height": 1280}, "model/parameters": 31656806, "model/GFLOPs": 170.998, "model/speed_PyTorch(ms)": 43.176, "_runtime": 1589.680777311325, "_step": 1, "_wandb": {"runtime": 1591}}