{"best/epoch": 0, "best/precision": 0.941509844090495, "best/recall": 0.8272132252861146, "best/mAP_0.5": 0.8921259288891186, "best/mAP_0.5:0.95": 0.5443621019899164, "Labels": {"_type": "images/separated", "width": 2000, "height": 2000, "format": "jpg", "count": 2, "filenames": ["media/images/Labels_0_44ba7c6e8b70b811240c.jpg", "media/images/Labels_0_675b54774fc50e841ef3.jpg"], "captions": ["labels_correlogram.jpg", "labels.jpg"]}, "Mosaics": [], "train/box_loss": 1.0968645811080933, "train/cls_loss": 0.5342245697975159, "train/dfl_loss": 1.2628170251846313, "metrics/precision": 0.941509844090495, "metrics/recall": 0.8272132252861146, "metrics/mAP_0.5": 0.8921330063071863, "metrics/mAP_0.5:0.95": 0.5447436979287401, "val/box_loss": 0.0, "val/cls_loss": 0.0, "val/dfl_loss": 0.0, "x/lr0": 0.0012036, "x/lr1": 0.0012036, "x/lr2": 0.0012036, "BoundingBoxDebugger": {"_type": "images/separated", "width": 672, "height": 672, "format": "png", "count": 16, "filenames": ["media/images/BoundingBoxDebugger_4_8a87976358c08954c30f.png", "media/images/BoundingBoxDebugger_4_db97aacdd687ab9b2107.png", "media/images/BoundingBoxDebugger_4_b3364e07a0789193a42a.png", "media/images/BoundingBoxDebugger_4_fd67010e2ceb607f7bbd.png", "media/images/BoundingBoxDebugger_4_0584e050a30978184e8e.png", "media/images/BoundingBoxDebugger_4_62cb65b7a15809b6baa7.png", "media/images/BoundingBoxDebugger_4_418e6603d162119f80f3.png", "media/images/BoundingBoxDebugger_4_0719d22907a9bc103508.png", "media/images/BoundingBoxDebugger_4_3e5a5909f0df6a322693.png", "media/images/BoundingBoxDebugger_4_0951ba6b9ed6efa4c775.png", "media/images/BoundingBoxDebugger_4_8b39279e2871affb288f.png", "media/images/BoundingBoxDebugger_4_889801eca1790f3ffdef.png", "media/images/BoundingBoxDebugger_4_76261c9b561ab6e0882a.png", "media/images/BoundingBoxDebugger_4_97ebf273021a6f6a857d.png", "media/images/BoundingBoxDebugger_4_2db385c6e80313a7be92.png", "media/images/BoundingBoxDebugger_4_560df1d7648b3b478dca.png"], "captions": ["1004_jpg.rf.ebb3801c698e555d26dd5f40fb473474.jpg", "IMG_3751_MOV-65_jpg.rf.c8706c499218366563e61e55e6fcc6d6.jpg", "IMG_3751_MOV-65_jpg.rf.e661bf96c07324cf85f699e5c6de3821.jpg", "IMG_3751_MOV-69_jpg.rf.62d823ce99f3612db53601d17d1aebf9.jpg", "IMG_3752_MOV-10_jpg.rf.60a8388bb1b537ea7ddc01aa3087e086.jpg", "IMG_3752_MOV-17_jpg.rf.c370005484a3833712c2424b354c331a.jpg", "IMG_3752_MOV-19_jpg.rf.92f8bb40c39ef6dbecdf10ea496c5cc8.jpg", "IMG_3752_MOV-1_jpg.rf.19c6528c8cc7e688a47e17845681a498.jpg", "IMG_3752_MOV-22_jpg.rf.2901b99ac2af4904238349da05655b54.jpg", "IMG_3752_MOV-24_jpg.rf.7991e8422206c1f0f4625983b6b2c43a.jpg", "IMG_3752_MOV-36_jpg.rf.7fba3a23de3ba0fdc890181b68643717.jpg", "IMG_3752_MOV-3_jpg.rf.3fd14adade9dd30bd137d640c9aec11b.jpg", "IMG_3753_MOV-10_jpg.rf.9b9a7b69cb86198e81e9a7ea1974067b.jpg", "IMG_3753_MOV-20_jpg.rf.c7f51055926d8508347ad28d0e44bb84.jpg", "IMG_3753_MOV-24_jpg.rf.69c47d5dd15ca62473b57692e60d640d.jpg", "IMG_3753_MOV-26_jpg.rf.17c95281e43c8e4bc265c1126227d139.jpg"], "all_boxes": [{"predictions": {"_type": "boxes2D", "sha256": "b1d483b067da9b71a69cdcfce04ab86bbda45702ae1dfeff7ea39358b426c0c8", "size": 228, "path": "media/metadata/boxes2D/BoundingBoxDebugger_4_b1d483b067da9b71a69c.boxes2D.json"}}, {"predictions": {"_type": "boxes2D", "sha256": "e2267e06bc6d42bb3e365cbac05ccd4a7ae29f0eac2cb5821ea9bb6ed54b35e0", "size": 11795, "path": "media/metadata/boxes2D/BoundingBoxDebugger_4_e2267e06bc6d42bb3e36.boxes2D.json"}}, {"predictions": {"_type": "boxes2D", "sha256": "40f878d99b1a4b901fd3bede46292ee3c66214ba87a8e69c7a3b99142319f06e", "size": 10099, "path": "media/metadata/boxes2D/BoundingBoxDebugger_4_40f878d99b1a4b901fd3.boxes2D.json"}}, {"predictions": {"_type": "boxes2D", "sha256": "2d8041e0970221b8b842d670d9822f1c9db568bda876e135fee5545fef61fc8e", "size": 7595, "path": "media/metadata/boxes2D/BoundingBoxDebugger_4_2d8041e0970221b8b842.boxes2D.json"}}, {"predictions": {"_type": "boxes2D", "sha256": "f409b6d0ab207e213d934a6c36431a96340df0aa51a73fb8f55faac7f0687ac8", "size": 4031, "path": "media/metadata/boxes2D/BoundingBoxDebugger_4_f409b6d0ab207e213d93.boxes2D.json"}}, {"predictions": {"_type": "boxes2D", "sha256": "be7fd433bc6efa3130155188ee5b8ceaebd726ce7164cea2383423edf72f43df", "size": 11258, "path": "media/metadata/boxes2D/BoundingBoxDebugger_4_be7fd433bc6efa313015.boxes2D.json"}}, {"predictions": {"_type": "boxes2D", "sha256": "a5b3c0f81d9c39c183ec145def44aec2a4ba439be9f6a694d755b974b8dbcd7a", "size": 14984, "path": "media/metadata/boxes2D/BoundingBoxDebugger_4_a5b3c0f81d9c39c183ec.boxes2D.json"}}, {"predictions": {"_type": "boxes2D", "sha256": "c85a6a8c1e1638da67daeeec5310e8cc05729c00fa76a8ebd33a134db99b477a", "size": 10242, "path": "media/metadata/boxes2D/BoundingBoxDebugger_4_c85a6a8c1e1638da67da.boxes2D.json"}}, {"predictions": {"_type": "boxes2D", "sha256": "3bd5953e9a43c75db49f264f7fadf24a8529965123457f87cadf3a790ae5d50b", "size": 14231, "path": "media/metadata/boxes2D/BoundingBoxDebugger_4_3bd5953e9a43c75db49f.boxes2D.json"}}, {"predictions": {"_type": "boxes2D", "sha256": "2dbf379a4217c5f5a31d0bedc976e899493145e98a0def5b7b462c872aa94b8c", "size": 15528, "path": "media/metadata/boxes2D/BoundingBoxDebugger_4_2dbf379a4217c5f5a31d.boxes2D.json"}}, {"predictions": {"_type": "boxes2D", "sha256": "7cf2bf590892429df4e18c03c6c0a4ae7ad45a60c16d81771c428ee1d5db428e", "size": 7753, "path": "media/metadata/boxes2D/BoundingBoxDebugger_4_7cf2bf590892429df4e1.boxes2D.json"}}, {"predictions": {"_type": "boxes2D", "sha256": "e37156b7e884b4a5a0d3a8ecb4181c5a3aa60ab135fae77d45761d5fae5de474", "size": 6814, "path": "media/metadata/boxes2D/BoundingBoxDebugger_4_e37156b7e884b4a5a0d3.boxes2D.json"}}, {"predictions": {"_type": "boxes2D", "sha256": "c4696915ed99ddc4f0c49f4b3d5c4ea17f9d47d57f4cb51e94b6f29927a77905", "size": 11409, "path": "media/metadata/boxes2D/BoundingBoxDebugger_4_c4696915ed99ddc4f0c4.boxes2D.json"}}, {"predictions": {"_type": "boxes2D", "sha256": "0ef2b2d992bcd352ac8f6f55e2cf51d675f567bf6e89b031b7cab3b95050218b", "size": 3995, "path": "media/metadata/boxes2D/BoundingBoxDebugger_4_0ef2b2d992bcd352ac8f.boxes2D.json"}}, {"predictions": {"_type": "boxes2D", "sha256": "ce657460858cf7bda651e59cd7a6e3a3b8a9488bcc5d6dc4d2288d7e5f50749b", "size": 2128, "path": "media/metadata/boxes2D/BoundingBoxDebugger_4_ce657460858cf7bda651.boxes2D.json"}}, {"predictions": {"_type": "boxes2D", "sha256": "0aef1198617d8858444a752a691b02ae127bf6977c8b9392d16cff5386238de2", "size": 3289, "path": "media/metadata/boxes2D/BoundingBoxDebugger_4_0aef1198617d8858444a.boxes2D.json"}}]}, "_timestamp": 1719099404.265575, "_runtime": 9178.753453969955, "_step": 5, "Validation": [], "Results": {"_type": "images/separated", "width": 2400, "height": 1200, "format": "png", "count": 6, "filenames": ["media/images/Results_5_a1f4754fac8945824c26.png", "media/images/Results_5_ec268088d35a6b545850.png", "media/images/Results_5_42f66e6e0d7866566927.png", "media/images/Results_5_3efee2634072c6da7528.png", "media/images/Results_5_c653f935146ce41e9bb6.png", "media/images/Results_5_bcd95704e46b400c5688.png"], "captions": ["results.png", "confusion_matrix.png", "F1_curve.png", "PR_curve.png", "P_curve.png", "R_curve.png"]}, "_wandb": {"runtime": 9185}}