{"train/box_om": 1.2481, "train/cls_om": 0.86872, "train/dfl_om": 1.31665, "train/box_oo": 1.53801, "train/cls_oo": 1.12574, "train/dfl_oo": 1.33375, "_timestamp": 1719029938.836473, "lr/pg0": 0.002, "lr/pg1": 0.002, "lr/pg2": 0.002, "metrics/precision(B)": 0.71887, "metrics/recall(B)": 0.58612, "metrics/mAP50(B)": 0.65125, "metrics/mAP50-95(B)": 0.36936, "val/box_om": 1.677, "val/cls_om": 1.30736, "val/dfl_om": 1.40829, "val/box_oo": 1.83345, "val/cls_oo": 1.422, "val/dfl_oo": 1.40302, "labels": {"_type": "image-file", "sha256": "0f7eb558cab7a690462b2b4e87a4e1476abc56584f1a332b094ef804e1862817", "size": 144487, "path": "media/images/labels_1_0f7eb558cab7a690462b.jpg", "format": "jpg", "width": 1600, "height": 1600}, "train_batch0": {"_type": "image-file", "sha256": "1db0be889d3ccacf15ba6a39aa43067df1238ca9e0dec5ac9ca1dbf706ec904f", "size": 397876, "path": "media/images/train_batch0_1_1db0be889d3ccacf15ba.jpg", "format": "jpg", "width": 1920, "height": 1920}, "train_batch1": {"_type": "image-file", "sha256": "16b9c4de3ee5ce18203b3aeae7ca3a0cc2eb3037c160bad80f1bf9c50476304f", "size": 368246, "path": "media/images/train_batch1_1_16b9c4de3ee5ce18203b.jpg", "format": "jpg", "width": 1920, "height": 1920}, "train_batch2": {"_type": "image-file", "sha256": "f4027daa0ddcefc41840b5922ed0309b6be8044209be4f6e3f3222841a7ab078", "size": 417605, "path": "media/images/train_batch2_1_f4027daa0ddcefc41840.jpg", "format": "jpg", "width": 1920, "height": 1920}, "model/parameters": 31656806, "model/GFLOPs": 170.998, "model/speed_PyTorch(ms)": 35.696, "_runtime": 609.6174900531769, "_step": 1, "_wandb": {"runtime": 652}}