{"best/epoch": 19, "best/precision": 0.9355423368989711, "best/recall": 0.8720503408495018, "best/mAP_0.5": 0.928894623710671, "best/mAP_0.5:0.95": 0.7286905929395576, "Labels": {"_type": "images/separated", "width": 2000, "height": 2000, "format": "jpg", "count": 2, "filenames": ["media/images/Labels_0_44ba7c6e8b70b811240c.jpg", "media/images/Labels_0_675b54774fc50e841ef3.jpg"], "captions": ["labels_correlogram.jpg", "labels.jpg"]}, "Mosaics": [], "train/box_loss": 0.9235388040542603, "train/cls_loss": 0.43891939520835876, "train/dfl_loss": 1.1772161722183228, "metrics/precision": 0.9353844768846376, "metrics/recall": 0.8720503408495018, "metrics/mAP_0.5": 0.9289067437337556, "metrics/mAP_0.5:0.95": 0.7289872694878056, "val/box_loss": 0.0, "val/cls_loss": 0.0, "val/dfl_loss": 0.0, "x/lr0": 0.0005004499999999999, "x/lr1": 0.0005004499999999999, "x/lr2": 0.0005004499999999999, "_timestamp": 1719156879.3496528, "_runtime": 36697.84993171692, "_step": 20, "BoundingBoxDebugger": {"_type": "images/separated", "width": 672, "height": 672, "format": "png", "count": 16, "filenames": ["media/images/BoundingBoxDebugger_19_8a87976358c08954c30f.png", "media/images/BoundingBoxDebugger_19_db97aacdd687ab9b2107.png", "media/images/BoundingBoxDebugger_19_b3364e07a0789193a42a.png", "media/images/BoundingBoxDebugger_19_fd67010e2ceb607f7bbd.png", "media/images/BoundingBoxDebugger_19_0584e050a30978184e8e.png", "media/images/BoundingBoxDebugger_19_62cb65b7a15809b6baa7.png", "media/images/BoundingBoxDebugger_19_418e6603d162119f80f3.png", "media/images/BoundingBoxDebugger_19_0719d22907a9bc103508.png", "media/images/BoundingBoxDebugger_19_3e5a5909f0df6a322693.png", "media/images/BoundingBoxDebugger_19_0951ba6b9ed6efa4c775.png", "media/images/BoundingBoxDebugger_19_8b39279e2871affb288f.png", "media/images/BoundingBoxDebugger_19_889801eca1790f3ffdef.png", "media/images/BoundingBoxDebugger_19_76261c9b561ab6e0882a.png", "media/images/BoundingBoxDebugger_19_97ebf273021a6f6a857d.png", "media/images/BoundingBoxDebugger_19_2db385c6e80313a7be92.png", "media/images/BoundingBoxDebugger_19_560df1d7648b3b478dca.png"], "captions": ["1004_jpg.rf.ebb3801c698e555d26dd5f40fb473474.jpg", "IMG_3751_MOV-65_jpg.rf.c8706c499218366563e61e55e6fcc6d6.jpg", "IMG_3751_MOV-65_jpg.rf.e661bf96c07324cf85f699e5c6de3821.jpg", "IMG_3751_MOV-69_jpg.rf.62d823ce99f3612db53601d17d1aebf9.jpg", "IMG_3752_MOV-10_jpg.rf.60a8388bb1b537ea7ddc01aa3087e086.jpg", "IMG_3752_MOV-17_jpg.rf.c370005484a3833712c2424b354c331a.jpg", "IMG_3752_MOV-19_jpg.rf.92f8bb40c39ef6dbecdf10ea496c5cc8.jpg", "IMG_3752_MOV-1_jpg.rf.19c6528c8cc7e688a47e17845681a498.jpg", "IMG_3752_MOV-22_jpg.rf.2901b99ac2af4904238349da05655b54.jpg", "IMG_3752_MOV-24_jpg.rf.7991e8422206c1f0f4625983b6b2c43a.jpg", "IMG_3752_MOV-36_jpg.rf.7fba3a23de3ba0fdc890181b68643717.jpg", "IMG_3752_MOV-3_jpg.rf.3fd14adade9dd30bd137d640c9aec11b.jpg", "IMG_3753_MOV-10_jpg.rf.9b9a7b69cb86198e81e9a7ea1974067b.jpg", "IMG_3753_MOV-20_jpg.rf.c7f51055926d8508347ad28d0e44bb84.jpg", "IMG_3753_MOV-24_jpg.rf.69c47d5dd15ca62473b57692e60d640d.jpg", "IMG_3753_MOV-26_jpg.rf.17c95281e43c8e4bc265c1126227d139.jpg"], "all_boxes": [{"predictions": {"_type": "boxes2D", "sha256": "6ae1fa84b41baee7c039b9166f297c801e8a0f840977fd3e1882b3249572e206", "size": 1175, "path": "media/metadata/boxes2D/BoundingBoxDebugger_19_6ae1fa84b41baee7c039.boxes2D.json"}}, {"predictions": {"_type": "boxes2D", "sha256": "8e49f3d4c4df9ca98d4a1574537517e8ed879da17eaa99c1a8cead49eb66100d", "size": 9478, "path": "media/metadata/boxes2D/BoundingBoxDebugger_19_8e49f3d4c4df9ca98d4a.boxes2D.json"}}, {"predictions": {"_type": "boxes2D", "sha256": "d67bd3385803d02f3e74aab770e708e915272ab79595f31572f84d5c55f4412b", "size": 12685, "path": "media/metadata/boxes2D/BoundingBoxDebugger_19_d67bd3385803d02f3e74.boxes2D.json"}}, {"predictions": {"_type": "boxes2D", "sha256": "435d61346de882ba4c0a445397dc7c647440d7f611e56cf9f7f268058807613f", "size": 7055, "path": "media/metadata/boxes2D/BoundingBoxDebugger_19_435d61346de882ba4c0a.boxes2D.json"}}, {"predictions": {"_type": "boxes2D", "sha256": "8b3bb0974cac3b07c985b2ff9a2295746ed7d13608d43cda630029c7a1305cf3", "size": 2674, "path": "media/metadata/boxes2D/BoundingBoxDebugger_19_8b3bb0974cac3b07c985.boxes2D.json"}}, {"predictions": {"_type": "boxes2D", "sha256": "56c198f1a9c9ef286a3f5e16639dabb939b04780b11e9040d8e4342d9832f33b", "size": 8000, "path": "media/metadata/boxes2D/BoundingBoxDebugger_19_56c198f1a9c9ef286a3f.boxes2D.json"}}, {"predictions": {"_type": "boxes2D", "sha256": "2e8611af8e1b7235734a9cd91d4a9f59591f9d758fa33e032e431ada0e6c3f6a", "size": 7959, "path": "media/metadata/boxes2D/BoundingBoxDebugger_19_2e8611af8e1b7235734a.boxes2D.json"}}, {"predictions": {"_type": "boxes2D", "sha256": "97672b99c43f2daac00ba174266a401b51f266609430343ff294c1864c4babb4", "size": 9617, "path": "media/metadata/boxes2D/BoundingBoxDebugger_19_97672b99c43f2daac00b.boxes2D.json"}}, {"predictions": {"_type": "boxes2D", "sha256": "1b01876e6d81d7a2ba5c04a451d235dca1a07fea64ef21598994338312c4b3d1", "size": 16421, "path": "media/metadata/boxes2D/BoundingBoxDebugger_19_1b01876e6d81d7a2ba5c.boxes2D.json"}}, {"predictions": {"_type": "boxes2D", "sha256": "8da34ec3b227d849c5440651de28b1abbe5043aca6380b43cf9e6fc0ae43483d", "size": 10234, "path": "media/metadata/boxes2D/BoundingBoxDebugger_19_8da34ec3b227d849c544.boxes2D.json"}}, {"predictions": {"_type": "boxes2D", "sha256": "c34855457ee82170185b8a18fc0cee9b63eab2481ec83191cfe816bcbaac6f87", "size": 7187, "path": "media/metadata/boxes2D/BoundingBoxDebugger_19_c34855457ee82170185b.boxes2D.json"}}, {"predictions": {"_type": "boxes2D", "sha256": "ff3f773acda8b7edd9db7ccca597d79acb51f4dddb9d8cef3bdf8183cd1c9f62", "size": 6066, "path": "media/metadata/boxes2D/BoundingBoxDebugger_19_ff3f773acda8b7edd9db.boxes2D.json"}}, {"predictions": {"_type": "boxes2D", "sha256": "ee7b962cb517475eea91d95877d04ae30c5b7263cb134d21bd8e99fe6131b881", "size": 5870, "path": "media/metadata/boxes2D/BoundingBoxDebugger_19_ee7b962cb517475eea91.boxes2D.json"}}, {"predictions": {"_type": "boxes2D", "sha256": "1a72abe84a689936347901bd9370f8716e4f2f72ef3782dceb4e4bc2efea9010", "size": 3821, "path": "media/metadata/boxes2D/BoundingBoxDebugger_19_1a72abe84a6899363479.boxes2D.json"}}, {"predictions": {"_type": "boxes2D", "sha256": "125b0c7a31c7cacc613b14ee7938d58feec684fcac4831fa93474db8d030dd20", "size": 784, "path": "media/metadata/boxes2D/BoundingBoxDebugger_19_125b0c7a31c7cacc613b.boxes2D.json"}}, {"predictions": {"_type": "boxes2D", "sha256": "687e025306ea649d22410983bb138b32fa79408282c25c00947223affa61f558", "size": 2312, "path": "media/metadata/boxes2D/BoundingBoxDebugger_19_687e025306ea649d2241.boxes2D.json"}}]}, "Validation": [], "Results": {"_type": "images/separated", "width": 2400, "height": 1200, "format": "png", "count": 6, "filenames": ["media/images/Results_20_7bc3a0994ece4f2289e0.png", "media/images/Results_20_e477817e0ff8adb7af89.png", "media/images/Results_20_6675a8fcceaa540e8a2a.png", "media/images/Results_20_084008795f538503d96b.png", "media/images/Results_20_5aca7eed149e1c49437b.png", "media/images/Results_20_6eeb361f5997e9928bc2.png"], "captions": ["results.png", "confusion_matrix.png", "F1_curve.png", "PR_curve.png", "P_curve.png", "R_curve.png"]}, "_wandb": {"runtime": 36706}}