{"best/epoch": 3, "best/precision": 0.93395007346176, "best/recall": 0.8660119604620623, "best/mAP_0.5": 0.9271095484376806, "best/mAP_0.5:0.95": 0.7132408531111365, "Labels": {"_type": "images/separated", "width": 2000, "height": 2000, "format": "jpg", "count": 2, "filenames": ["media/images/Labels_0_44ba7c6e8b70b811240c.jpg", "media/images/Labels_0_675b54774fc50e841ef3.jpg"], "captions": ["labels_correlogram.jpg", "labels.jpg"]}, "Mosaics": [], "train/box_loss": 0.9850930571556091, "train/cls_loss": 0.48845934867858887, "train/dfl_loss": 1.1931209564208984, "metrics/precision": 0.933955374541908, "metrics/recall": 0.8660168751818447, "metrics/mAP_0.5": 0.9271110511958179, "metrics/mAP_0.5:0.95": 0.7132678307598727, "val/box_loss": 0.0, "val/cls_loss": 0.0, "val/dfl_loss": 0.0, "x/lr0": 0.0015014999999999998, "x/lr1": 0.0015014999999999998, "x/lr2": 0.0015014999999999998, "BoundingBoxDebugger": {"_type": "images/separated", "width": 672, "height": 672, "format": "png", "count": 16, "filenames": ["media/images/BoundingBoxDebugger_3_785de3609b2f2e86a9a2.png", "media/images/BoundingBoxDebugger_3_26f66e2ff4289a80962d.png", "media/images/BoundingBoxDebugger_3_eca740d834411346f3a5.png", "media/images/BoundingBoxDebugger_3_89754940de9b8f13da58.png", "media/images/BoundingBoxDebugger_3_6efeef74dabcb13c702f.png", "media/images/BoundingBoxDebugger_3_cbfbea08f6b1797b5e59.png", "media/images/BoundingBoxDebugger_3_1e27a8c5c3d76ce2a46e.png", "media/images/BoundingBoxDebugger_3_c00b611630192d9969e6.png", "media/images/BoundingBoxDebugger_3_e9577f88156c78fee7d6.png", "media/images/BoundingBoxDebugger_3_8933826ba41f195485e4.png", "media/images/BoundingBoxDebugger_3_c490bc0c3a20baf0d592.png", "media/images/BoundingBoxDebugger_3_e5d9949b0f2c9422942f.png", "media/images/BoundingBoxDebugger_3_99af5a720be7b6b63bf9.png", "media/images/BoundingBoxDebugger_3_938f68613b59db2ddc0d.png", "media/images/BoundingBoxDebugger_3_13c7b9cd92a421c54aa3.png", "media/images/BoundingBoxDebugger_3_1e02aa31161abb0871a0.png"], "captions": ["1007_jpg.rf.c74ba181d67ee3ac35b9596e4b539a5f.jpg", "IMG_3754_MOV-0_jpg.rf.c3c169697ceaca71f4e424d2ba1f7969.jpg", "IMG_3753_MOV-9_jpg.rf.71bf073a3b420b32edde9c084739ad99.jpg", "IMG_3753_MOV-9_jpg.rf.33f714ce10c2213b518edc464ffd87e9.jpg", "IMG_3753_MOV-84_jpg.rf.2efa960cc3c93ffbff0d8983b2eb1bf8.jpg", "IMG_3753_MOV-83_jpg.rf.5aa7126f2ac7386e138543ec46c8bd7e.jpg", "IMG_3753_MOV-83_jpg.rf.42ec89150548e397b89c05c63a92a242.jpg", "IMG_3753_MOV-81_jpg.rf.7481b4ba0f0fd4d753af2c55e6be78d7.jpg", "IMG_3753_MOV-7_jpg.rf.92c68d8712430e8a1bc6f2c95dd242bf.jpg", "IMG_3753_MOV-79_jpg.rf.ba4cce5707cceb345ef334217da6d5c2.jpg", "IMG_3753_MOV-78_jpg.rf.2a423ce87afcf78805b0d00a6a1c86c3.jpg", "IMG_3753_MOV-74_jpg.rf.3de18484f6a7792549fc64b05facabfa.jpg", "IMG_3754_MOV-11_jpg.rf.739f19f32bd15ddcd67f53cb16c945d3.jpg", "IMG_3753_MOV-74_jpg.rf.03ba44bfd1813751652980b3cb94c2d2.jpg", "IMG_3753_MOV-65_jpg.rf.d69b1bff554f2654e8a50dde87e45338.jpg", "IMG_3753_MOV-60_jpg.rf.634149e09dcd17fd93bcbc7d46378afa.jpg"], "all_boxes": [{"predictions": {"_type": "boxes2D", "sha256": "7f50d583e63ef91316932d8341a6de86f1853d57f8c4edff9d064c06c0af0df1", "size": 226, "path": "media/metadata/boxes2D/BoundingBoxDebugger_3_7f50d583e63ef9131693.boxes2D.json"}}, {"predictions": {"_type": "boxes2D", "sha256": "95a0ea6e828024cbf20ce026e187f47f11a4642b0e2fb254c2b9f560a750e269", "size": 8029, "path": "media/metadata/boxes2D/BoundingBoxDebugger_3_95a0ea6e828024cbf20c.boxes2D.json"}}, {"predictions": {"_type": "boxes2D", "sha256": "ba9b66b3877e5d39d86b959506e0a01b742e96a2a7ad48874616bde100d74d61", "size": 9458, "path": "media/metadata/boxes2D/BoundingBoxDebugger_3_ba9b66b3877e5d39d86b.boxes2D.json"}}, {"predictions": {"_type": "boxes2D", "sha256": "c09e976d0563cd1eaf367c3810f682a68c39fb43997481d25503b165dbb30829", "size": 7390, "path": "media/metadata/boxes2D/BoundingBoxDebugger_3_c09e976d0563cd1eaf36.boxes2D.json"}}, {"predictions": {"_type": "boxes2D", "sha256": "e998068f892375a4a7e1e97e8d5bb4eff6c897a34b185bb3f9da7b5bbbfd5e62", "size": 12544, "path": "media/metadata/boxes2D/BoundingBoxDebugger_3_e998068f892375a4a7e1.boxes2D.json"}}, {"predictions": {"_type": "boxes2D", "sha256": "27ba189e2a0184d156de624621c2e3a7e3f06d9a40830ca4f4ab7e222a9516c8", "size": 11159, "path": "media/metadata/boxes2D/BoundingBoxDebugger_3_27ba189e2a0184d156de.boxes2D.json"}}, {"predictions": {"_type": "boxes2D", "sha256": "2757c16ecd68788901aa895f34626d7a041865445c7763b8a99339e2d5a0ff0b", "size": 8550, "path": "media/metadata/boxes2D/BoundingBoxDebugger_3_2757c16ecd68788901aa.boxes2D.json"}}, {"predictions": {"_type": "boxes2D", "sha256": "9a668604f036faeae60788e169f6f644f8e6123cf8b9e55d347b1e96cd62f191", "size": 8720, "path": "media/metadata/boxes2D/BoundingBoxDebugger_3_9a668604f036faeae607.boxes2D.json"}}, {"predictions": {"_type": "boxes2D", "sha256": "c4b535db27deb919ccf30e80738737880d7505c3fdb85bdaa0a12fd42ab86be2", "size": 9658, "path": "media/metadata/boxes2D/BoundingBoxDebugger_3_c4b535db27deb919ccf3.boxes2D.json"}}, {"predictions": {"_type": "boxes2D", "sha256": "70c9eaf269e2ec2ba88de23411d174964e1d1713118af9d08da8f18be14203b2", "size": 11187, "path": "media/metadata/boxes2D/BoundingBoxDebugger_3_70c9eaf269e2ec2ba88d.boxes2D.json"}}, {"predictions": {"_type": "boxes2D", "sha256": "d28aeeb3f36cf6b0ff668c63ac2767feecede536230d8c9564a7f5cac45e0dad", "size": 15095, "path": "media/metadata/boxes2D/BoundingBoxDebugger_3_d28aeeb3f36cf6b0ff66.boxes2D.json"}}, {"predictions": {"_type": "boxes2D", "sha256": "9bc3a4583392604a8e88223809509f344004b23f4edc5e6e34e1a13bfb65427d", "size": 7431, "path": "media/metadata/boxes2D/BoundingBoxDebugger_3_9bc3a4583392604a8e88.boxes2D.json"}}, {"predictions": {"_type": "boxes2D", "sha256": "d025486246877a419aa7be7a779c97f10ebb03559e0d253490d77b93b2bea6c5", "size": 4187, "path": "media/metadata/boxes2D/BoundingBoxDebugger_3_d025486246877a419aa7.boxes2D.json"}}, {"predictions": {"_type": "boxes2D", "sha256": "08c44a1eab0abe5fa5e563fcd1a60cf832b603471a919a8cfd1ad766b4544d87", "size": 5724, "path": "media/metadata/boxes2D/BoundingBoxDebugger_3_08c44a1eab0abe5fa5e5.boxes2D.json"}}, {"predictions": {"_type": "boxes2D", "sha256": "2b22e9c00ec49424620c4648b3315276c081f361b4ebb4a6fac83dcbd3e4947e", "size": 7038, "path": "media/metadata/boxes2D/BoundingBoxDebugger_3_2b22e9c00ec49424620c.boxes2D.json"}}, {"predictions": {"_type": "boxes2D", "sha256": "3ebb7251f23d30fc9c33aa7dba063be62eb887e73432b1bbde2bdc044cf9e168", "size": 12112, "path": "media/metadata/boxes2D/BoundingBoxDebugger_3_3ebb7251f23d30fc9c33.boxes2D.json"}}]}, "_timestamp": 1719005207.50466, "_runtime": 3408.1425437927246, "_step": 4, "Validation": [], "Results": {"_type": "images/separated", "width": 2400, "height": 1200, "format": "png", "count": 6, "filenames": ["media/images/Results_4_9d2be19582b14e32de37.png", "media/images/Results_4_9a78d9c33fca4f8a0218.png", "media/images/Results_4_fddfd3d66f9e48dd3bde.png", "media/images/Results_4_7ba188d099af023e14c6.png", "media/images/Results_4_3ca5e868dd376cd20f9b.png", "media/images/Results_4_270d529594b90b5c4def.png"], "captions": ["results.png", "confusion_matrix.png", "F1_curve.png", "PR_curve.png", "P_curve.png", "R_curve.png"]}, "_wandb": {"runtime": 3407}}