{"best/epoch": 0, "best/precision": 0.8867686593063366, "best/recall": 0.7741129960584602, "best/mAP_0.5": 0.838807748964015, "best/mAP_0.5:0.95": 0.5810918693604383, "Labels": {"_type": "images/separated", "width": 2000, "height": 2000, "format": "jpg", "count": 2, "filenames": ["media/images/Labels_0_44ba7c6e8b70b811240c.jpg", "media/images/Labels_0_675b54774fc50e841ef3.jpg"], "captions": ["labels_correlogram.jpg", "labels.jpg"]}, "Mosaics": [], "train/box_loss": 1.2922327518463135, "train/cls_loss": 0.7163429260253906, "train/dfl_loss": 1.3456382751464844, "metrics/precision": 0.8867686593063366, "metrics/recall": 0.7741129960584602, "metrics/mAP_0.5": 0.838807748964015, "metrics/mAP_0.5:0.95": 0.5810918693604383, "val/box_loss": 0.0, "val/cls_loss": 0.0, "val/dfl_loss": 0.0, "x/lr0": 0.010028089887640437, "x/lr1": 0.009996878901373284, "x/lr2": 0.009996878901373284, "BoundingBoxDebugger": {"_type": "images/separated", "width": 672, "height": 672, "format": "png", "count": 16, "filenames": ["media/images/BoundingBoxDebugger_0_8a87976358c08954c30f.png", "media/images/BoundingBoxDebugger_0_db97aacdd687ab9b2107.png", "media/images/BoundingBoxDebugger_0_b3364e07a0789193a42a.png", "media/images/BoundingBoxDebugger_0_fd67010e2ceb607f7bbd.png", "media/images/BoundingBoxDebugger_0_0584e050a30978184e8e.png", "media/images/BoundingBoxDebugger_0_62cb65b7a15809b6baa7.png", "media/images/BoundingBoxDebugger_0_418e6603d162119f80f3.png", "media/images/BoundingBoxDebugger_0_0719d22907a9bc103508.png", "media/images/BoundingBoxDebugger_0_3e5a5909f0df6a322693.png", "media/images/BoundingBoxDebugger_0_0951ba6b9ed6efa4c775.png", "media/images/BoundingBoxDebugger_0_8b39279e2871affb288f.png", "media/images/BoundingBoxDebugger_0_889801eca1790f3ffdef.png", "media/images/BoundingBoxDebugger_0_76261c9b561ab6e0882a.png", "media/images/BoundingBoxDebugger_0_97ebf273021a6f6a857d.png", "media/images/BoundingBoxDebugger_0_2db385c6e80313a7be92.png", "media/images/BoundingBoxDebugger_0_560df1d7648b3b478dca.png"], "captions": ["1004_jpg.rf.ebb3801c698e555d26dd5f40fb473474.jpg", "IMG_3751_MOV-65_jpg.rf.c8706c499218366563e61e55e6fcc6d6.jpg", "IMG_3751_MOV-65_jpg.rf.e661bf96c07324cf85f699e5c6de3821.jpg", "IMG_3751_MOV-69_jpg.rf.62d823ce99f3612db53601d17d1aebf9.jpg", "IMG_3752_MOV-10_jpg.rf.60a8388bb1b537ea7ddc01aa3087e086.jpg", "IMG_3752_MOV-17_jpg.rf.c370005484a3833712c2424b354c331a.jpg", "IMG_3752_MOV-19_jpg.rf.92f8bb40c39ef6dbecdf10ea496c5cc8.jpg", "IMG_3752_MOV-1_jpg.rf.19c6528c8cc7e688a47e17845681a498.jpg", "IMG_3752_MOV-22_jpg.rf.2901b99ac2af4904238349da05655b54.jpg", "IMG_3752_MOV-24_jpg.rf.7991e8422206c1f0f4625983b6b2c43a.jpg", "IMG_3752_MOV-36_jpg.rf.7fba3a23de3ba0fdc890181b68643717.jpg", "IMG_3752_MOV-3_jpg.rf.3fd14adade9dd30bd137d640c9aec11b.jpg", "IMG_3753_MOV-10_jpg.rf.9b9a7b69cb86198e81e9a7ea1974067b.jpg", "IMG_3753_MOV-20_jpg.rf.c7f51055926d8508347ad28d0e44bb84.jpg", "IMG_3753_MOV-24_jpg.rf.69c47d5dd15ca62473b57692e60d640d.jpg", "IMG_3753_MOV-26_jpg.rf.17c95281e43c8e4bc265c1126227d139.jpg"], "all_boxes": [{"predictions": {"_type": "boxes2D", "sha256": "109765865c42740cf082739bdfee88037361ff7b0b6aa77032cc288f96e02b4f", "size": 2483, "path": "media/metadata/boxes2D/BoundingBoxDebugger_0_109765865c42740cf082.boxes2D.json"}}, {"predictions": {"_type": "boxes2D", "sha256": "05cd96117616f6e5fd2b083d8a19c6c4f9a7b52d6f2dd95a1c10bd44b148e38e", "size": 16341, "path": "media/metadata/boxes2D/BoundingBoxDebugger_0_05cd96117616f6e5fd2b.boxes2D.json"}}, {"predictions": {"_type": "boxes2D", "sha256": "85ffdcc9c9a5bd504840fe368efbfb07fc8ce14ac469799453b1da519991e743", "size": 16496, "path": "media/metadata/boxes2D/BoundingBoxDebugger_0_85ffdcc9c9a5bd504840.boxes2D.json"}}, {"predictions": {"_type": "boxes2D", "sha256": "65d4e8788ca8db205c979d0a0c2efd6702ad0d39a73b68580b8c58b9d06fc09d", "size": 6890, "path": "media/metadata/boxes2D/BoundingBoxDebugger_0_65d4e8788ca8db205c97.boxes2D.json"}}, {"predictions": {"_type": "boxes2D", "sha256": "9e980991e4cce0c7fc182c981489dbda1895673426e0dab69063494942dc68bb", "size": 5139, "path": "media/metadata/boxes2D/BoundingBoxDebugger_0_9e980991e4cce0c7fc18.boxes2D.json"}}, {"predictions": {"_type": "boxes2D", "sha256": "b8348b1428c8063c39ca0eea9f8b995728f6b8ec0a923b35ae9043603bcb7a75", "size": 9739, "path": "media/metadata/boxes2D/BoundingBoxDebugger_0_b8348b1428c8063c39ca.boxes2D.json"}}, {"predictions": {"_type": "boxes2D", "sha256": "bda2f4ed7b1c766b22b185eddec54c641447cc5fd864f347fc045cf936039194", "size": 22148, "path": "media/metadata/boxes2D/BoundingBoxDebugger_0_bda2f4ed7b1c766b22b1.boxes2D.json"}}, {"predictions": {"_type": "boxes2D", "sha256": "5c790d10b7907d791bf6b0548eb6e00d7472b911dbdde4803894f802660aa2c3", "size": 11751, "path": "media/metadata/boxes2D/BoundingBoxDebugger_0_5c790d10b7907d791bf6.boxes2D.json"}}, {"predictions": {"_type": "boxes2D", "sha256": "ffbbeacf3a8b13af21b15d4567ee21c554aa64fa17aa543d881241dadad5c54c", "size": 9352, "path": "media/metadata/boxes2D/BoundingBoxDebugger_0_ffbbeacf3a8b13af21b1.boxes2D.json"}}, {"predictions": {"_type": "boxes2D", "sha256": "466cc85cb6935383370415367f624b7e7d14967921818d358e1d2b54d24f4199", "size": 18971, "path": "media/metadata/boxes2D/BoundingBoxDebugger_0_466cc85cb69353833704.boxes2D.json"}}, {"predictions": {"_type": "boxes2D", "sha256": "2df25b17f769dc1f7e234aaf6e1ed0f33102b60a35db4c002ce16170051015ba", "size": 22307, "path": "media/metadata/boxes2D/BoundingBoxDebugger_0_2df25b17f769dc1f7e23.boxes2D.json"}}, {"predictions": {"_type": "boxes2D", "sha256": "4e7bbebb53ecd6970067cec0c9242f91c48e3d963ed0033e2c89f0471a33228d", "size": 7599, "path": "media/metadata/boxes2D/BoundingBoxDebugger_0_4e7bbebb53ecd6970067.boxes2D.json"}}, {"predictions": {"_type": "boxes2D", "sha256": "766bb1baf94d718c0a580ee503608753733e6292c02e2756aa3ddacdc3025ca0", "size": 7812, "path": "media/metadata/boxes2D/BoundingBoxDebugger_0_766bb1baf94d718c0a58.boxes2D.json"}}, {"predictions": {"_type": "boxes2D", "sha256": "1fd0602a241b75f100ffeadae23853c8a4532d3e8b783196ef924a92cdd66889", "size": 5324, "path": "media/metadata/boxes2D/BoundingBoxDebugger_0_1fd0602a241b75f100ff.boxes2D.json"}}, {"predictions": {"_type": "boxes2D", "sha256": "e05c18f2454c24c43ec255ab842814f2d3fa52bca373bd18467ae83f1e9c6e9a", "size": 5511, "path": "media/metadata/boxes2D/BoundingBoxDebugger_0_e05c18f2454c24c43ec2.boxes2D.json"}}, {"predictions": {"_type": "boxes2D", "sha256": "79114b505f4f0ba959cb37f180faaf6b5160593021778083ab3c3458d9c90178", "size": 8401, "path": "media/metadata/boxes2D/BoundingBoxDebugger_0_79114b505f4f0ba959cb.boxes2D.json"}}]}, "_timestamp": 1719115165.8336115, "_runtime": 1927.4934384822845, "_step": 0, "_wandb": {"runtime": 2017}}