{"best/epoch": 1, "best/precision": 0.9230569607298064, "best/recall": 0.8474042999475616, "best/mAP_0.5": 0.9033005493132197, "best/mAP_0.5:0.95": 0.6580931144349249, "Labels": {"_type": "images/separated", "width": 2000, "height": 2000, "format": "jpg", "count": 2, "filenames": ["media/images/Labels_0_44ba7c6e8b70b811240c.jpg", "media/images/Labels_0_675b54774fc50e841ef3.jpg"], "captions": ["labels_correlogram.jpg", "labels.jpg"]}, "Mosaics": [], "train/box_loss": 1.1698287725448608, "train/cls_loss": 0.6142679452896118, "train/dfl_loss": 1.2805720567703247, "metrics/precision": 0.92279341156562, "metrics/recall": 0.8474042999475616, "metrics/mAP_0.5": 0.9033232663116537, "metrics/mAP_0.5:0.95": 0.6581936765480347, "val/box_loss": 0.0, "val/cls_loss": 0.0, "val/dfl_loss": 0.0, "x/lr0": 0.00250025, "x/lr1": 0.00250025, "x/lr2": 0.00250025, "BoundingBoxDebugger": {"_type": "images/separated", "width": 672, "height": 672, "format": "png", "count": 16, "filenames": ["media/images/BoundingBoxDebugger_1_8a87976358c08954c30f.png", "media/images/BoundingBoxDebugger_1_db97aacdd687ab9b2107.png", "media/images/BoundingBoxDebugger_1_b3364e07a0789193a42a.png", "media/images/BoundingBoxDebugger_1_fd67010e2ceb607f7bbd.png", "media/images/BoundingBoxDebugger_1_0584e050a30978184e8e.png", "media/images/BoundingBoxDebugger_1_62cb65b7a15809b6baa7.png", "media/images/BoundingBoxDebugger_1_418e6603d162119f80f3.png", "media/images/BoundingBoxDebugger_1_0719d22907a9bc103508.png", "media/images/BoundingBoxDebugger_1_3e5a5909f0df6a322693.png", "media/images/BoundingBoxDebugger_1_0951ba6b9ed6efa4c775.png", "media/images/BoundingBoxDebugger_1_8b39279e2871affb288f.png", "media/images/BoundingBoxDebugger_1_889801eca1790f3ffdef.png", "media/images/BoundingBoxDebugger_1_76261c9b561ab6e0882a.png", "media/images/BoundingBoxDebugger_1_97ebf273021a6f6a857d.png", "media/images/BoundingBoxDebugger_1_2db385c6e80313a7be92.png", "media/images/BoundingBoxDebugger_1_560df1d7648b3b478dca.png"], "captions": ["1004_jpg.rf.ebb3801c698e555d26dd5f40fb473474.jpg", "IMG_3751_MOV-65_jpg.rf.c8706c499218366563e61e55e6fcc6d6.jpg", "IMG_3751_MOV-65_jpg.rf.e661bf96c07324cf85f699e5c6de3821.jpg", "IMG_3751_MOV-69_jpg.rf.62d823ce99f3612db53601d17d1aebf9.jpg", "IMG_3752_MOV-10_jpg.rf.60a8388bb1b537ea7ddc01aa3087e086.jpg", "IMG_3752_MOV-17_jpg.rf.c370005484a3833712c2424b354c331a.jpg", "IMG_3752_MOV-19_jpg.rf.92f8bb40c39ef6dbecdf10ea496c5cc8.jpg", "IMG_3752_MOV-1_jpg.rf.19c6528c8cc7e688a47e17845681a498.jpg", "IMG_3752_MOV-22_jpg.rf.2901b99ac2af4904238349da05655b54.jpg", "IMG_3752_MOV-24_jpg.rf.7991e8422206c1f0f4625983b6b2c43a.jpg", "IMG_3752_MOV-36_jpg.rf.7fba3a23de3ba0fdc890181b68643717.jpg", "IMG_3752_MOV-3_jpg.rf.3fd14adade9dd30bd137d640c9aec11b.jpg", "IMG_3753_MOV-10_jpg.rf.9b9a7b69cb86198e81e9a7ea1974067b.jpg", "IMG_3753_MOV-20_jpg.rf.c7f51055926d8508347ad28d0e44bb84.jpg", "IMG_3753_MOV-24_jpg.rf.69c47d5dd15ca62473b57692e60d640d.jpg", "IMG_3753_MOV-26_jpg.rf.17c95281e43c8e4bc265c1126227d139.jpg"], "all_boxes": [{"predictions": {"_type": "boxes2D", "sha256": "5929a28af8e7e787d2ed4bb856c21c85b2996f897aa0cb9d59c31bd61c9d4326", "size": 2864, "path": "media/metadata/boxes2D/BoundingBoxDebugger_1_5929a28af8e7e787d2ed.boxes2D.json"}}, {"predictions": {"_type": "boxes2D", "sha256": "67c88cb5ca30ebeec5679267b29579f8a5ee1e728644ee708055456ab3c78158", "size": 12941, "path": "media/metadata/boxes2D/BoundingBoxDebugger_1_67c88cb5ca30ebeec567.boxes2D.json"}}, {"predictions": {"_type": "boxes2D", "sha256": "2ab69ca1b229d3b705f169658da539f0004b25f139bda79e12976187286c0887", "size": 12153, "path": "media/metadata/boxes2D/BoundingBoxDebugger_1_2ab69ca1b229d3b705f1.boxes2D.json"}}, {"predictions": {"_type": "boxes2D", "sha256": "2ebb10341dacbea72780052356c35d70076b9387d2d734e2e363559fd9d9fb97", "size": 6085, "path": "media/metadata/boxes2D/BoundingBoxDebugger_1_2ebb10341dacbea72780.boxes2D.json"}}, {"predictions": {"_type": "boxes2D", "sha256": "f08a5884213038f805d59c373711f72c4394348a30d7989e6ce68d1d6b9d7f4d", "size": 7982, "path": "media/metadata/boxes2D/BoundingBoxDebugger_1_f08a5884213038f805d5.boxes2D.json"}}, {"predictions": {"_type": "boxes2D", "sha256": "3a4136a4b3814482182eb7e8635497faa1661a93f88bba46bd8a1456352bc518", "size": 12714, "path": "media/metadata/boxes2D/BoundingBoxDebugger_1_3a4136a4b3814482182e.boxes2D.json"}}, {"predictions": {"_type": "boxes2D", "sha256": "360a340d75c35f7e9fbfc629254ffc1bb342c4dcb609cd4143e3f88ee9839d6a", "size": 15958, "path": "media/metadata/boxes2D/BoundingBoxDebugger_1_360a340d75c35f7e9fbf.boxes2D.json"}}, {"predictions": {"_type": "boxes2D", "sha256": "61c1e56bd7e88f152818aae8f398de0f9bd2f709d37f45af86e556bed91ec764", "size": 12101, "path": "media/metadata/boxes2D/BoundingBoxDebugger_1_61c1e56bd7e88f152818.boxes2D.json"}}, {"predictions": {"_type": "boxes2D", "sha256": "f06574be34e2ebdb3d600b36f0ef722f898258b81290237df9ad662039dac53e", "size": 17411, "path": "media/metadata/boxes2D/BoundingBoxDebugger_1_f06574be34e2ebdb3d60.boxes2D.json"}}, {"predictions": {"_type": "boxes2D", "sha256": "63400e2818796ee58c00f377ad3061eebf450a75772b70226a9c0eb3f547e778", "size": 17007, "path": "media/metadata/boxes2D/BoundingBoxDebugger_1_63400e2818796ee58c00.boxes2D.json"}}, {"predictions": {"_type": "boxes2D", "sha256": "c718ee2f4bbc000ed6aeb6ef76e3611655789f714683f9d16eb9c6cffe9af716", "size": 11179, "path": "media/metadata/boxes2D/BoundingBoxDebugger_1_c718ee2f4bbc000ed6ae.boxes2D.json"}}, {"predictions": {"_type": "boxes2D", "sha256": "5b77f99f46a60215e2222e979e274d0e62d0455ba0783141202cc83e9041104e", "size": 9670, "path": "media/metadata/boxes2D/BoundingBoxDebugger_1_5b77f99f46a60215e222.boxes2D.json"}}, {"predictions": {"_type": "boxes2D", "sha256": "6ca0844519962363c9397146ba657f10d1a1d6fc05db1b15d9f45adce4e77977", "size": 18412, "path": "media/metadata/boxes2D/BoundingBoxDebugger_1_6ca0844519962363c939.boxes2D.json"}}, {"predictions": {"_type": "boxes2D", "sha256": "1aca4cdb9e52c5a04dd043ba3a883c5090e0f7979024826d5867f0a1c163f3e4", "size": 7593, "path": "media/metadata/boxes2D/BoundingBoxDebugger_1_1aca4cdb9e52c5a04dd0.boxes2D.json"}}, {"predictions": {"_type": "boxes2D", "sha256": "8b91150f9d3eece121ce1a7b11d49265c7ac2eba4c0e455563711301d29b0c6a", "size": 3839, "path": "media/metadata/boxes2D/BoundingBoxDebugger_1_8b91150f9d3eece121ce.boxes2D.json"}}, {"predictions": {"_type": "boxes2D", "sha256": "cd530514023cda1f049e478434a2311d68f862a55993a5fe8a7db730a449d38b", "size": 2872, "path": "media/metadata/boxes2D/BoundingBoxDebugger_1_cd530514023cda1f049e.boxes2D.json"}}]}, "_timestamp": 1719119540.65345, "_runtime": 4182.686964035034, "_step": 2, "Validation": [], "Results": {"_type": "images/separated", "width": 2400, "height": 1200, "format": "png", "count": 6, "filenames": ["media/images/Results_2_0e4d4a07ebac60c6c0ff.png", "media/images/Results_2_36ccd4965485eb501c99.png", "media/images/Results_2_235092c6e4207093c25a.png", "media/images/Results_2_15f7f4caa6559d33535b.png", "media/images/Results_2_3f3b32f7d40af8203da3.png", "media/images/Results_2_a12ea477173accbb237a.png"], "captions": ["results.png", "confusion_matrix.png", "F1_curve.png", "PR_curve.png", "P_curve.png", "R_curve.png"]}, "_wandb": {"runtime": 4188}}