{"best/epoch": 0, "best/precision": 0.932755684850704, "best/recall": 0.8183030303507492, "best/mAP_0.5": 0.8913002541375473, "best/mAP_0.5:0.95": 0.6582142029253053, "Labels": {"_type": "images/separated", "width": 2000, "height": 2000, "format": "jpg", "count": 2, "filenames": ["media/images/Labels_0_44ba7c6e8b70b811240c.jpg", "media/images/Labels_0_675b54774fc50e841ef3.jpg"], "captions": ["labels_correlogram.jpg", "labels.jpg"]}, "Mosaics": [], "train/box_loss": 1.0442767143249512, "train/cls_loss": 0.5294655561447144, "train/dfl_loss": 1.225658655166626, "metrics/precision": 0.932755684850704, "metrics/recall": 0.8183030303507492, "metrics/mAP_0.5": 0.8913002541375473, "metrics/mAP_0.5:0.95": 0.6582142029253053, "val/box_loss": 0.0, "val/cls_loss": 0.0, "val/dfl_loss": 0.0, "x/lr0": 0.007999063670411985, "x/lr1": 0.007997503121098627, "x/lr2": 0.007997503121098627, "BoundingBoxDebugger": {"_type": "images/separated", "width": 672, "height": 672, "format": "png", "count": 16, "filenames": ["media/images/BoundingBoxDebugger_0_8a87976358c08954c30f.png", "media/images/BoundingBoxDebugger_0_db97aacdd687ab9b2107.png", "media/images/BoundingBoxDebugger_0_b3364e07a0789193a42a.png", "media/images/BoundingBoxDebugger_0_fd67010e2ceb607f7bbd.png", "media/images/BoundingBoxDebugger_0_0584e050a30978184e8e.png", "media/images/BoundingBoxDebugger_0_62cb65b7a15809b6baa7.png", "media/images/BoundingBoxDebugger_0_418e6603d162119f80f3.png", "media/images/BoundingBoxDebugger_0_0719d22907a9bc103508.png", "media/images/BoundingBoxDebugger_0_3e5a5909f0df6a322693.png", "media/images/BoundingBoxDebugger_0_0951ba6b9ed6efa4c775.png", "media/images/BoundingBoxDebugger_0_8b39279e2871affb288f.png", "media/images/BoundingBoxDebugger_0_889801eca1790f3ffdef.png", "media/images/BoundingBoxDebugger_0_76261c9b561ab6e0882a.png", "media/images/BoundingBoxDebugger_0_97ebf273021a6f6a857d.png", "media/images/BoundingBoxDebugger_0_2db385c6e80313a7be92.png", "media/images/BoundingBoxDebugger_0_560df1d7648b3b478dca.png"], "captions": ["1004_jpg.rf.ebb3801c698e555d26dd5f40fb473474.jpg", "IMG_3751_MOV-65_jpg.rf.c8706c499218366563e61e55e6fcc6d6.jpg", "IMG_3751_MOV-65_jpg.rf.e661bf96c07324cf85f699e5c6de3821.jpg", "IMG_3751_MOV-69_jpg.rf.62d823ce99f3612db53601d17d1aebf9.jpg", "IMG_3752_MOV-10_jpg.rf.60a8388bb1b537ea7ddc01aa3087e086.jpg", "IMG_3752_MOV-17_jpg.rf.c370005484a3833712c2424b354c331a.jpg", "IMG_3752_MOV-19_jpg.rf.92f8bb40c39ef6dbecdf10ea496c5cc8.jpg", "IMG_3752_MOV-1_jpg.rf.19c6528c8cc7e688a47e17845681a498.jpg", "IMG_3752_MOV-22_jpg.rf.2901b99ac2af4904238349da05655b54.jpg", "IMG_3752_MOV-24_jpg.rf.7991e8422206c1f0f4625983b6b2c43a.jpg", "IMG_3752_MOV-36_jpg.rf.7fba3a23de3ba0fdc890181b68643717.jpg", "IMG_3752_MOV-3_jpg.rf.3fd14adade9dd30bd137d640c9aec11b.jpg", "IMG_3753_MOV-10_jpg.rf.9b9a7b69cb86198e81e9a7ea1974067b.jpg", "IMG_3753_MOV-20_jpg.rf.c7f51055926d8508347ad28d0e44bb84.jpg", "IMG_3753_MOV-24_jpg.rf.69c47d5dd15ca62473b57692e60d640d.jpg", "IMG_3753_MOV-26_jpg.rf.17c95281e43c8e4bc265c1126227d139.jpg"], "all_boxes": [{"predictions": {"_type": "boxes2D", "sha256": "8eba69bbb29838b6370e880e54ec2510e90eb34269fe135d4c8afbbb52a8e344", "size": 792, "path": "media/metadata/boxes2D/BoundingBoxDebugger_0_8eba69bbb29838b6370e.boxes2D.json"}}, {"predictions": {"_type": "boxes2D", "sha256": "e81b043f8ea635927fc46fd8a2422e899a8e975eeb2912cd6d65987f49acf4a3", "size": 16365, "path": "media/metadata/boxes2D/BoundingBoxDebugger_0_e81b043f8ea635927fc4.boxes2D.json"}}, {"predictions": {"_type": "boxes2D", "sha256": "0ab516eefef8eecc588409c95506575c8b30f32b2821e1bf722b32b1a2aa091c", "size": 9304, "path": "media/metadata/boxes2D/BoundingBoxDebugger_0_0ab516eefef8eecc5884.boxes2D.json"}}, {"predictions": {"_type": "boxes2D", "sha256": "860edf73c51f792ea1ee2d6cd83a551a74a9296120243d26248cb80013ff40c4", "size": 5903, "path": "media/metadata/boxes2D/BoundingBoxDebugger_0_860edf73c51f792ea1ee.boxes2D.json"}}, {"predictions": {"_type": "boxes2D", "sha256": "6ebf2788885bb84b8e07d0d66a7a00d60c605d988a4a94d3a24456a74a090aa4", "size": 9695, "path": "media/metadata/boxes2D/BoundingBoxDebugger_0_6ebf2788885bb84b8e07.boxes2D.json"}}, {"predictions": {"_type": "boxes2D", "sha256": "cca53bb950a132167ccc4de5553143b3802088e0974e16085938913ed682772f", "size": 11011, "path": "media/metadata/boxes2D/BoundingBoxDebugger_0_cca53bb950a132167ccc.boxes2D.json"}}, {"predictions": {"_type": "boxes2D", "sha256": "1bb51688978c82f20bf0ec21f2e8c0c40986147a8c525d8b3fd1d26ffa8e9ab2", "size": 19327, "path": "media/metadata/boxes2D/BoundingBoxDebugger_0_1bb51688978c82f20bf0.boxes2D.json"}}, {"predictions": {"_type": "boxes2D", "sha256": "86a23f9de87e327e769103bb607b1d42a0867a2f15434a8ad644b583ea0711fb", "size": 17919, "path": "media/metadata/boxes2D/BoundingBoxDebugger_0_86a23f9de87e327e7691.boxes2D.json"}}, {"predictions": {"_type": "boxes2D", "sha256": "8f6015faf0f384076bd70345b08f7451f65849f22d99a7f3109e1858d50b5b32", "size": 20509, "path": "media/metadata/boxes2D/BoundingBoxDebugger_0_8f6015faf0f384076bd7.boxes2D.json"}}, {"predictions": {"_type": "boxes2D", "sha256": "16e0f32133a9e14995aa6d33aaf380b67a1826ff76d48ed5dc159bbd2b32650c", "size": 23143, "path": "media/metadata/boxes2D/BoundingBoxDebugger_0_16e0f32133a9e14995aa.boxes2D.json"}}, {"predictions": {"_type": "boxes2D", "sha256": "d11ec4abdacf3e4458a55f023b77055443940a9cfe389386505c6e3e1078f0c5", "size": 19200, "path": "media/metadata/boxes2D/BoundingBoxDebugger_0_d11ec4abdacf3e4458a5.boxes2D.json"}}, {"predictions": {"_type": "boxes2D", "sha256": "b4d9a2318a05039c539ae58fd4d094531dff4cdad1d2322bef285af6feece0c0", "size": 13464, "path": "media/metadata/boxes2D/BoundingBoxDebugger_0_b4d9a2318a05039c539a.boxes2D.json"}}, {"predictions": {"_type": "boxes2D", "sha256": "2ab85f848e5b400e8d50bf21e5b6a06a88f4629f684699b155803b93afc1e756", "size": 9143, "path": "media/metadata/boxes2D/BoundingBoxDebugger_0_2ab85f848e5b400e8d50.boxes2D.json"}}, {"predictions": {"_type": "boxes2D", "sha256": "ee4cee179c6a82ca4bcff1a399a55a1e3801717308b9b0045a42d259e4f2afdd", "size": 8940, "path": "media/metadata/boxes2D/BoundingBoxDebugger_0_ee4cee179c6a82ca4bcf.boxes2D.json"}}, {"predictions": {"_type": "boxes2D", "sha256": "97062c5d2b221cff3f3bebaac90607c21e095da62f0ca8726b6427c62c63f87a", "size": 7655, "path": "media/metadata/boxes2D/BoundingBoxDebugger_0_97062c5d2b221cff3f3b.boxes2D.json"}}, {"predictions": {"_type": "boxes2D", "sha256": "c8e861828f5e921992c91d190b17af2768190fa07f36b6d16f3b75effd69fbaa", "size": 12786, "path": "media/metadata/boxes2D/BoundingBoxDebugger_0_c8e861828f5e921992c9.boxes2D.json"}}]}, "_timestamp": 1719089615.4331877, "_runtime": 1831.8525936603546, "_step": 0, "_wandb": {"runtime": 1860}}